min,max,median,mean,variance,std. dev.
0.03268799977377057,0.0328770000487566,0.041230000089854,0.03941514000296593,1.337318622986427e-05,0.0036569367276265896
